-- ============================================================
-- 基于大数据的音乐推荐与数据分析系统 - 测试数据
-- ============================================================

USE music_recommend;

SET NAMES utf8mb4;
SET CHARACTER_SET_CLIENT = utf8mb4;
SET CHARACTER_SET_RESULTS = utf8mb4;
SET CHARACTER_SET_CONNECTION = utf8mb4;

-- -----------------------------------------------------------
-- 用户数据
-- 管理员: admin / admin123
-- 运营员: operator / oper123
-- 测试用户: user1~user10 / 123456
-- -----------------------------------------------------------
INSERT INTO `users` (`username`, `password`, `nickname`, `email`, `phone`, `gender`, `age`, `role`, `status`, `preference_tags`, `created_at`) VALUES
-- SHA-256: admin123 -> 240be518fabd2724ddb6f04eeb1da5967448d7e831c08c8fa822809f74c720a9
('admin', '240be518fabd2724ddb6f04eeb1da5967448d7e831c08c8fa822809f74c720a9', '系统管理员', 'admin@music.com', '13800000001', 1, 28, 'admin', 1, NULL, '2025-01-01 10:00:00'),
-- SHA-256: oper123 -> 2b9a0e5c7e0de6e29d0b1a2eab7b3e59c1c7f9d8e5a4b3c2d1e0f9a8b7c6d5e4
('operator', 'a29e5288aeb3a4e8a93e0cb2be67a7c86aed33e0e0e77fb93e40db52e777afcf', '运营小王', 'operator@music.com', '13800000002', 2, 25, 'operator', 1, NULL, '2025-01-02 10:00:00'),
('user1', '8d969eef6ecad3c29a3a629280e686cf0c3f5d5a86aff3ca12020c923adc6c92', '音乐达人小李', 'user1@test.com', '13900000001', 1, 22, 'user', 1, '["流行","摇滚"]', '2025-06-15 08:30:00'),
('user2', '8d969eef6ecad3c29a3a629280e686cf0c3f5d5a86aff3ca12020c923adc6c92', '古典控小张', 'user2@test.com', '13900000002', 2, 20, 'user', 1, '["古典","爵士"]', '2025-07-20 14:20:00'),
('user3', '8d969eef6ecad3c29a3a629280e686cf0c3f5d5a86aff3ca12020c923adc6c92', '民谣少年', 'user3@test.com', '13900000003', 1, 23, 'user', 1, '["民谣","独立"]', '2025-08-05 09:10:00'),
('user4', '8d969eef6ecad3c29a3a629280e686cf0c3f5d5a86aff3ca12020c923adc6c92', '电音爱好者', 'user4@test.com', '13900000004', 1, 19, 'user', 1, '["电子","嘻哈"]', '2025-09-12 16:45:00'),
('user5', '8d969eef6ecad3c29a3a629280e686cf0c3f5d5a86aff3ca12020c923adc6c92', 'R&B女王', 'user5@test.com', '13900000005', 2, 24, 'user', 1, '["R&B","流行"]', '2025-10-01 11:00:00'),
('user6', '8d969eef6ecad3c29a3a629280e686cf0c3f5d5a86aff3ca12020c923adc6c92', '金属党小赵', 'user6@test.com', '13900000006', 1, 26, 'user', 1, '["金属","摇滚"]', '2025-10-20 07:30:00'),
('user7', '8d969eef6ecad3c29a3a629280e686cf0c3f5d5a86aff3ca12020c923adc6c92', '日韩迷妹', 'user7@test.com', '13900000007', 2, 18, 'user', 1, '["流行","电子"]', '2025-11-05 20:15:00'),
('user8', '8d969eef6ecad3c29a3a629280e686cf0c3f5d5a86aff3ca12020c923adc6c92', '蓝调老炮儿', 'user8@test.com', '13900000008', 1, 35, 'user', 1, '["蓝调","爵士"]', '2025-12-01 13:40:00'),
('user9', '8d969eef6ecad3c29a3a629280e686cf0c3f5d5a86aff3ca12020c923adc6c92', '嘻哈新星', 'user9@test.com', '13900000009', 1, 21, 'user', 1, '["嘻哈","电子"]', '2026-01-10 18:00:00'),
('user10', '8d969eef6ecad3c29a3a629280e686cf0c3f5d5a86aff3ca12020c923adc6c92', '世界音乐探索者', 'user10@test.com', '13900000010', 2, 27, 'user', 1, '["世界音乐","民谣"]', '2026-02-14 10:30:00');

-- -----------------------------------------------------------
-- 流派数据
-- -----------------------------------------------------------
INSERT INTO `genres` (`name`, `description`) VALUES
('流行', '当代流行音乐，旋律优美易于传唱'),
('摇滚', '以电吉他为主导，充满力量感'),
('古典', '西方古典音乐，包括交响乐、协奏曲等'),
('爵士', '即兴演奏为特色的音乐风格'),
('民谣', '以吉他弹唱为主，歌词富有诗意'),
('电子', '使用电子设备创作的音乐'),
('嘻哈', 'Hip-Hop/说唱，节奏感强'),
('R&B', '节奏蓝调，融合灵魂乐元素'),
('蓝调', '起源于美国南方的忧郁音乐风格'),
('金属', '重金属及其衍生风格'),
('独立', '独立音乐人创作的非主流音乐'),
('乡村', '美国乡村音乐风格'),
('拉丁', '拉丁美洲风格的音乐'),
('世界音乐', '融合多元文化的音乐风格'),
('新世纪', '轻柔、放松的冥想风格音乐');

-- -----------------------------------------------------------
-- 歌手数据
-- -----------------------------------------------------------
INSERT INTO `artists` (`name`, `avatar`, `region`, `description`, `fans_count`) VALUES
('周杰伦', 'https://picsum.photos/seed/jay/200', '华语', '华语流行天王，擅长融合中国风与R&B', 98500000),
('Taylor Swift', 'https://picsum.photos/seed/taylor/200', '欧美', '美国创作型歌手，跨越乡村与流行', 92000000),
('陈奕迅', 'https://picsum.photos/seed/eason/200', '华语', '香港实力派歌手，被誉为歌神接班人', 65000000),
('Adele', 'https://picsum.photos/seed/adele/200', '欧美', '英国灵魂女歌手，嗓音浑厚动人', 71000000),
('林俊杰', 'https://picsum.photos/seed/jj/200', '华语', '新加坡华裔歌手，驾驭多种音乐风格', 58000000),
('Ed Sheeran', 'https://picsum.photos/seed/edsheeran/200', '欧美', '英国创作歌手，以清新民谣风著称', 55000000),
('薛之谦', 'https://picsum.photos/seed/xuezhiqian/200', '华语', '中国内地唱作人，歌曲深情动人', 47000000),
('Billie Eilish', 'https://picsum.photos/seed/billie/200', '欧美', '美国Z世代音乐偶像，暗黑流行风格', 60000000),
('米津玄师', 'https://picsum.photos/seed/kenshi/200', '日韩', '日本多栖音乐人，风格独特创新', 35000000),
('BTS', 'https://picsum.photos/seed/bts/200', '日韩', '韩国男子天团，全球影响力巨大', 85000000),
('五月天', 'https://picsum.photos/seed/mayday/200', '华语', '中国台湾摇滚乐队，青春热血代名词', 42000000),
('Bruno Mars', 'https://picsum.photos/seed/bruno/200', '欧美', '美国全能型歌手，Funk与流行的融合', 61000000),
('赵雷', 'https://picsum.photos/seed/zhaolei/200', '华语', '中国民谣歌手，《成都》家喻户晓', 25000000),
('The Weeknd', 'https://picsum.photos/seed/weeknd/200', '欧美', '加拿大R&B歌手，暗黑魅惑风格', 52000000),
('李荣浩', 'https://picsum.photos/seed/lironghai/200', '华语', '中国内地唱作人，曲风朴实真挚', 38000000);

-- -----------------------------------------------------------
-- 专辑数据
-- -----------------------------------------------------------
INSERT INTO `albums` (`name`, `artist_id`, `cover_image`, `release_date`, `description`, `song_count`) VALUES
('范特西', 1, 'https://picsum.photos/seed/fantasy/300', '2001-09-14', '周杰伦第二张专辑，中国风流行的开山之作', 10),
('七里香', 1, 'https://picsum.photos/seed/qilixiang/300', '2004-08-03', '经典情歌专辑，同名曲传唱至今', 10),
('1989', 2, 'https://picsum.photos/seed/1989album/300', '2014-10-27', 'Taylor转型流行的里程碑专辑', 13),
('Midnights', 2, 'https://picsum.photos/seed/midnights/300', '2022-10-21', '深夜失眠时的音乐独白', 13),
('认了吧', 3, 'https://picsum.photos/seed/renba/300', '2007-04-24', '陈奕迅深情演绎的经典专辑', 11),
('25', 4, 'https://picsum.photos/seed/adele25/300', '2015-11-20', 'Adele第三张专辑，全球销量超3000万', 11),
('她说', 5, 'https://picsum.photos/seed/tashuo/300', '2010-12-08', '林俊杰与多位知名作词人合作的专辑', 10),
('÷ (Divide)', 6, 'https://picsum.photos/seed/divide/300', '2017-03-03', 'Ed Sheeran全球大热专辑', 12),
('初学者', 7, 'https://picsum.photos/seed/beginner/300', '2016-07-18', '薛之谦转型之作，多首爆款金曲', 10),
('Happier Than Ever', 8, 'https://picsum.photos/seed/happier/300', '2021-07-30', 'Billie Eilish情感成熟之作', 16),
('BOOTLEG', 9, 'https://picsum.photos/seed/bootleg/300', '2017-11-01', '米津玄师突破性专辑', 14),
('Map of the Soul: 7', 10, 'https://picsum.photos/seed/mots7/300', '2020-02-21', 'BTS里程碑式大碟', 20),
('自传', 11, 'https://picsum.photos/seed/autobiography/300', '2016-07-21', '五月天第九张专辑，回忆与展望', 13),
('24K Magic', 12, 'https://picsum.photos/seed/24kmagic/300', '2016-11-18', 'Bruno Mars致敬90年代Funk', 9),
('无法长大', 13, 'https://picsum.photos/seed/growup/300', '2016-12-21', '赵雷民谣代表专辑', 10);

-- -----------------------------------------------------------
-- 歌曲数据 (每个歌手2-3首代表作)
-- -----------------------------------------------------------
INSERT INTO `songs` (`title`, `artist_id`, `album_id`, `duration`, `cover_image`, `language`, `avg_rating`, `rating_count`, `play_count`, `favorite_count`, `release_date`, `status`, `lyrics`) VALUES
-- 周杰伦
('双截棍', 1, 1, 198, 'https://picsum.photos/seed/sjg/300', '中文', 4.8, 15200, 890000, 45000, '2001-09-14', 1, '岩烧店的烟味弥漫 隔壁是国术馆\n店里面的妈妈桑 茶道有三段'),
('简单爱', 1, 1, 270, 'https://picsum.photos/seed/jda/300', '中文', 4.9, 18900, 1250000, 62000, '2001-09-14', 1, '说不上为什么 我变得很主动\n若爱上一个人 什么都会值得去做'),
('七里香', 1, 2, 295, 'https://picsum.photos/seed/qlx/300', '中文', 4.9, 22300, 1580000, 78500, '2004-08-03', 1, '窗外的麻雀 在电线杆上多嘴\n你说这一句 很有夏天的感觉'),
-- Taylor Swift
('Shake It Off', 2, 3, 219, 'https://picsum.photos/seed/shake/300', '英文', 4.7, 16800, 920000, 48000, '2014-08-18', 1, 'Cause the players gonna play play play'),
('Blank Space', 2, 3, 231, 'https://picsum.photos/seed/blank/300', '英文', 4.8, 19200, 1100000, 55000, '2014-11-10', 1, 'Nice to meet you where you been'),
('Anti-Hero', 2, 4, 200, 'https://picsum.photos/seed/antihero/300', '英文', 4.6, 14500, 780000, 39000, '2022-10-21', 1, 'Its me hi Im the problem its me'),
-- 陈奕迅
('富士山下', 3, 5, 265, 'https://picsum.photos/seed/fuji/300', '中文', 4.8, 13400, 680000, 52000, '2007-04-24', 1, '拦路雨偏似雪花 饮泣的你冻吗'),
('十年', 3, NULL, 208, 'https://picsum.photos/seed/10years/300', '中文', 4.9, 21000, 1450000, 72000, '2003-04-15', 1, '十年之前 我不认识你 你不属于我'),
-- Adele
('Hello', 4, 6, 295, 'https://picsum.photos/seed/hello/300', '英文', 4.9, 25600, 1820000, 91000, '2015-10-23', 1, 'Hello its me I was wondering'),
('Someone Like You', 4, NULL, 285, 'https://picsum.photos/seed/someone/300', '英文', 4.8, 23100, 1650000, 82000, '2011-01-24', 1, 'Never mind Ill find someone like you'),
-- 林俊杰
('她说', 5, 7, 263, 'https://picsum.photos/seed/tashuo_song/300', '中文', 4.7, 12800, 620000, 41000, '2010-12-08', 1, '他静悄悄地来过 他慢慢带走沉默'),
('修炼爱情', 5, NULL, 268, 'https://picsum.photos/seed/xlaq/300', '中文', 4.8, 16500, 890000, 58000, '2013-03-14', 1, '修炼爱情的悲欢 我们这些努力不简单'),
-- Ed Sheeran
('Shape of You', 6, 8, 233, 'https://picsum.photos/seed/shape/300', '英文', 4.7, 20100, 1350000, 67000, '2017-01-06', 1, 'Im in love with the shape of you'),
('Perfect', 6, 8, 263, 'https://picsum.photos/seed/perfect/300', '英文', 4.9, 22500, 1480000, 74000, '2017-03-03', 1, 'I found a love for me'),
-- 薛之谦
('演员', 7, 9, 330, 'https://picsum.photos/seed/actor/300', '中文', 4.6, 14200, 750000, 38000, '2015-06-05', 1, '简单点 说话的方式简单点'),
('认真的雪', 7, NULL, 264, 'https://picsum.photos/seed/snow/300', '中文', 4.5, 11800, 580000, 29000, '2006-11-01', 1, '雪下得那么深 下得那么认真'),
-- Billie Eilish
('bad guy', 8, NULL, 194, 'https://picsum.photos/seed/badguy/300', '英文', 4.7, 17600, 960000, 48000, '2019-03-29', 1, 'So you are a tough guy like it really rough guy'),
('Happier Than Ever', 8, 10, 298, 'https://picsum.photos/seed/happier_song/300', '英文', 4.6, 13200, 680000, 34000, '2021-07-30', 1, 'When I am away from you Im happier than ever'),
-- 米津玄师
('Lemon', 9, 11, 254, 'https://picsum.photos/seed/lemon/300', '日文', 4.8, 15800, 850000, 43000, '2018-02-12', 1, '夢ならばどれほどよかったでしょう'),
('KICK BACK', 9, NULL, 199, 'https://picsum.photos/seed/kickback/300', '日文', 4.7, 12600, 620000, 31000, '2022-10-12', 1, '努力 未来 a beautiful star'),
-- BTS
('Dynamite', 10, 12, 199, 'https://picsum.photos/seed/dynamite/300', '英文', 4.8, 24500, 1580000, 79000, '2020-08-21', 1, 'Cause I I I am in the stars tonight'),
('Butter', 10, NULL, 164, 'https://picsum.photos/seed/butter/300', '英文', 4.7, 21300, 1320000, 66000, '2021-05-21', 1, 'Smooth like butter like a criminal undercover'),
-- 五月天
('突然好想你', 11, 13, 320, 'https://picsum.photos/seed/miss/300', '中文', 4.8, 16800, 920000, 61000, '2008-10-23', 1, '突然好想你 你会在哪里 过得快乐或委屈'),
('倔强', 11, NULL, 248, 'https://picsum.photos/seed/stubborn/300', '中文', 4.7, 14500, 780000, 42000, '2004-11-05', 1, '我和我最后的倔强 握紧双手绝对不放'),
-- Bruno Mars
('24K Magic', 12, 14, 226, 'https://picsum.photos/seed/24k_song/300', '英文', 4.6, 15200, 820000, 41000, '2016-10-07', 1, '24 karat magic in the air'),
('Just The Way You Are', 12, NULL, 221, 'https://picsum.photos/seed/justway/300', '英文', 4.8, 19800, 1180000, 59000, '2010-07-20', 1, 'Oh her eyes her eyes make the stars'),
-- 赵雷
('成都', 13, 15, 325, 'https://picsum.photos/seed/chengdu/300', '中文', 4.7, 18200, 1050000, 56000, '2016-12-21', 1, '让我掉下眼泪的 不止昨夜的酒'),
('南方姑娘', 13, NULL, 286, 'https://picsum.photos/seed/southgirl/300', '中文', 4.6, 12400, 580000, 31000, '2014-08-15', 1, '南方姑娘 你是否习惯北方的秋凉'),
-- The Weeknd
('Blinding Lights', 14, NULL, 200, 'https://picsum.photos/seed/blinding/300', '英文', 4.8, 23800, 1720000, 86000, '2019-11-29', 1, 'I said ooh I am blinding by the lights'),
('Starboy', 14, NULL, 230, 'https://picsum.photos/seed/starboy/300', '英文', 4.7, 18900, 1080000, 54000, '2016-09-22', 1, 'Im a starboy'),
-- 李荣浩
('李白', 15, NULL, 244, 'https://picsum.photos/seed/libai/300', '中文', 4.6, 14600, 720000, 36000, '2013-09-16', 1, '大部分人要我学习去看 世俗的眼光'),
('年少有为', 15, NULL, 285, 'https://picsum.photos/seed/nianshao/300', '中文', 4.7, 16200, 880000, 44000, '2018-07-19', 1, '假如我年少有为不自卑 懂得什么是珍贵');

-- -----------------------------------------------------------
-- 歌曲-流派关联
-- -----------------------------------------------------------
INSERT INTO `song_genre` (`song_id`, `genre_id`) VALUES
(1,1),(1,8),(2,1),(3,1),(4,1),(5,1),(6,1),(7,1),(8,1),(9,1),(9,8),
(10,1),(10,8),(11,1),(12,1),(13,1),(14,1),(14,5),(15,1),(16,1),
(17,1),(17,6),(18,1),(19,1),(19,6),(20,2),(20,6),(21,1),(21,6),(22,1),(22,6),
(23,1),(23,2),(24,2),(25,1),(25,8),(26,1),(27,5),(28,5),(29,8),(29,6),(30,8),(30,6),
(31,1),(32,1);

-- -----------------------------------------------------------
-- 评分数据 (用户1-10 对不同歌曲的评分)
-- -----------------------------------------------------------
INSERT INTO `ratings` (`user_id`, `song_id`, `score`, `created_at`) VALUES
(3,1,5.0,'2025-12-01 10:00:00'),(3,2,5.0,'2025-12-02 10:00:00'),(3,3,4.5,'2025-12-03 10:00:00'),
(3,4,4.0,'2025-12-04 10:00:00'),(3,13,4.5,'2025-12-05 10:00:00'),
(4,7,4.0,'2025-12-01 11:00:00'),(4,8,5.0,'2025-12-02 11:00:00'),(4,9,4.5,'2025-12-03 11:00:00'),
(4,10,5.0,'2025-12-04 11:00:00'),
(5,2,4.0,'2025-12-05 09:00:00'),(5,3,5.0,'2025-12-06 09:00:00'),(5,27,4.5,'2025-12-07 09:00:00'),
(5,28,4.0,'2025-12-08 09:00:00'),
(6,17,5.0,'2025-12-10 14:00:00'),(6,18,4.0,'2025-12-11 14:00:00'),(6,19,4.5,'2025-12-12 14:00:00'),
(7,29,5.0,'2025-12-15 16:00:00'),(7,30,4.5,'2025-12-16 16:00:00'),(7,5,4.0,'2025-12-17 16:00:00'),
(8,4,3.5,'2025-12-20 08:00:00'),(8,5,4.0,'2025-12-21 08:00:00'),(8,6,3.0,'2025-12-22 08:00:00'),
(9,21,4.5,'2025-12-25 20:00:00'),(9,22,4.0,'2025-12-26 20:00:00'),(9,1,5.0,'2025-12-27 20:00:00'),
(10,11,4.0,'2026-01-01 12:00:00'),(10,12,4.5,'2026-01-02 12:00:00'),(10,14,5.0,'2026-01-03 12:00:00'),
(11,23,5.0,'2026-01-05 18:00:00'),(11,24,4.5,'2026-01-06 18:00:00'),(11,15,4.0,'2026-01-07 18:00:00'),
(12,25,4.5,'2026-01-10 10:00:00'),(12,26,5.0,'2026-01-11 10:00:00'),(12,9,4.5,'2026-01-12 10:00:00'),
(3,9,5.0,'2026-01-15 10:00:00'),(3,14,4.5,'2026-01-16 10:00:00'),(3,21,4.0,'2026-01-17 10:00:00'),
(4,1,4.5,'2026-01-18 11:00:00'),(4,2,5.0,'2026-01-19 11:00:00'),(4,14,4.0,'2026-01-20 11:00:00'),
(5,1,4.5,'2026-01-22 09:00:00'),(5,9,5.0,'2026-01-23 09:00:00'),(5,21,4.0,'2026-01-24 09:00:00'),
(6,1,4.5,'2026-01-26 14:00:00'),(6,2,4.0,'2026-01-27 14:00:00'),(6,3,5.0,'2026-01-28 14:00:00');

-- -----------------------------------------------------------
-- 收藏数据
-- -----------------------------------------------------------
INSERT INTO `favorites` (`user_id`, `song_id`, `created_at`) VALUES
(3,1,'2025-12-01 10:30:00'),(3,2,'2025-12-02 10:30:00'),(3,3,'2025-12-03 10:30:00'),(3,9,'2026-01-15 10:30:00'),
(4,7,'2025-12-01 11:30:00'),(4,8,'2025-12-02 11:30:00'),(4,10,'2025-12-04 11:30:00'),
(5,3,'2025-12-06 09:30:00'),(5,9,'2026-01-23 09:30:00'),(5,27,'2025-12-07 09:30:00'),
(6,17,'2025-12-10 14:30:00'),(6,19,'2025-12-12 14:30:00'),(6,1,'2026-01-26 14:30:00'),
(7,29,'2025-12-15 16:30:00'),(7,30,'2025-12-16 16:30:00'),
(8,4,'2025-12-20 08:30:00'),(8,5,'2025-12-21 08:30:00'),
(9,21,'2025-12-25 20:30:00'),(9,22,'2025-12-26 20:30:00'),(9,1,'2025-12-27 20:30:00'),
(10,14,'2026-01-03 12:30:00'),(10,12,'2026-01-02 12:30:00'),
(11,23,'2026-01-05 18:30:00'),(11,24,'2026-01-06 18:30:00'),
(12,9,'2026-01-12 10:30:00'),(12,26,'2026-01-11 10:30:00');

-- -----------------------------------------------------------
-- 评论数据
-- -----------------------------------------------------------
INSERT INTO `comments` (`user_id`, `song_id`, `content`, `like_count`, `status`, `created_at`) VALUES
(3,3,'七里香真的是青春回忆啊，每次听到都会想起高中时光',128,1,'2025-12-03 11:00:00'),
(4,9,'Adele的嗓音简直绝了，Hello是我循环最多的一首歌',95,1,'2025-12-03 12:00:00'),
(5,2,'简单爱的旋律太洗脑了，一整天都在哼',67,1,'2025-12-06 10:00:00'),
(6,1,'双截棍的编曲太有创意了，至今无人能超越',84,1,'2025-12-10 15:00:00'),
(7,29,'Blinding Lights的复古合成器音色太棒了！',73,1,'2025-12-15 17:00:00'),
(8,14,'Perfect适合婚礼，旋律让人感动落泪',56,1,'2025-12-21 09:00:00'),
(9,21,'Dynamite让我开始喜欢上BTS的音乐',91,1,'2025-12-25 21:00:00'),
(10,27,'赵雷把成都唱进了每个文艺青年的心里',102,1,'2026-01-01 13:00:00'),
(3,8,'十年是永远听不厌的粤语经典',88,1,'2026-01-05 10:00:00'),
(4,13,'Shape of You的节奏感太上头了',62,1,'2026-01-08 11:00:00'),
(5,12,'修炼爱情是JJ最深情的一首歌',54,1,'2026-01-10 09:00:00'),
(6,23,'突然好想你让人泪崩，五月天yyds',77,1,'2026-01-15 14:00:00'),
(7,17,'bad guy太有个性了，Billie Eilish真的很独特',63,1,'2026-01-18 16:00:00'),
(8,19,'Lemon是我听过最美的日语歌之一',45,1,'2026-01-22 08:00:00'),
(9,32,'年少有为戳中了很多人的痛点',71,1,'2026-01-28 20:00:00'),
(3,14,'Perfect',0,1,'2026-02-01 10:00:00'),
(4,1,'不愧是华语乐坛的标杆之作！',35,1,'2026-02-05 11:00:00'),
(5,4,'Stop everything and shake it off!',28,1,'2026-02-10 09:00:00');

-- -----------------------------------------------------------
-- 播放记录数据
-- -----------------------------------------------------------
INSERT INTO `play_history` (`user_id`, `song_id`, `play_duration`, `play_count`, `created_at`, `updated_at`) VALUES
(3,1,185,12,'2025-12-01 10:00:00','2026-02-15 10:00:00'),
(3,2,250,25,'2025-12-02 10:00:00','2026-03-01 10:00:00'),
(3,3,280,30,'2025-12-03 10:00:00','2026-03-10 10:00:00'),
(3,9,290,18,'2026-01-15 10:00:00','2026-03-05 10:00:00'),
(3,14,260,15,'2026-01-16 10:00:00','2026-02-28 10:00:00'),
(4,7,240,8,'2025-12-01 11:00:00','2026-01-20 11:00:00'),
(4,8,200,20,'2025-12-02 11:00:00','2026-03-08 11:00:00'),
(4,9,280,22,'2025-12-03 11:00:00','2026-03-12 11:00:00'),
(4,10,270,16,'2025-12-04 11:00:00','2026-02-25 11:00:00'),
(5,2,245,10,'2025-12-05 09:00:00','2026-02-10 09:00:00'),
(5,3,290,14,'2025-12-06 09:00:00','2026-03-01 09:00:00'),
(5,27,310,18,'2025-12-07 09:00:00','2026-03-15 09:00:00'),
(5,9,290,22,'2026-01-23 09:00:00','2026-03-18 09:00:00'),
(6,17,190,6,'2025-12-10 14:00:00','2026-01-15 14:00:00'),
(6,1,185,15,'2026-01-26 14:00:00','2026-03-10 14:00:00'),
(6,3,280,12,'2026-01-28 14:00:00','2026-03-12 14:00:00'),
(7,29,195,20,'2025-12-15 16:00:00','2026-03-15 16:00:00'),
(7,30,225,14,'2025-12-16 16:00:00','2026-02-20 16:00:00'),
(7,5,225,8,'2025-12-17 16:00:00','2026-01-25 16:00:00'),
(8,4,215,5,'2025-12-20 08:00:00','2026-01-10 08:00:00'),
(8,14,260,18,'2026-01-03 08:00:00','2026-03-12 08:00:00'),
(9,21,195,25,'2025-12-25 20:00:00','2026-03-18 20:00:00'),
(9,22,160,18,'2025-12-26 20:00:00','2026-03-05 20:00:00'),
(9,1,185,10,'2025-12-27 20:00:00','2026-02-20 20:00:00'),
(10,11,260,8,'2026-01-01 12:00:00','2026-02-15 12:00:00'),
(10,12,265,12,'2026-01-02 12:00:00','2026-03-01 12:00:00'),
(10,14,258,20,'2026-01-03 12:00:00','2026-03-18 12:00:00'),
(11,23,310,15,'2026-01-05 18:00:00','2026-03-10 18:00:00'),
(11,24,245,10,'2026-01-06 18:00:00','2026-02-25 18:00:00'),
(12,25,220,8,'2026-01-10 10:00:00','2026-02-15 10:00:00'),
(12,26,218,14,'2026-01-11 10:00:00','2026-03-05 10:00:00'),
(12,9,290,20,'2026-01-12 10:00:00','2026-03-18 10:00:00');

-- -----------------------------------------------------------
-- 用户偏好问卷数据
-- -----------------------------------------------------------
INSERT INTO `user_preferences` (`user_id`, `favorite_genres`, `favorite_artists`, `listening_scenarios`, `preferred_language`, `mood_preference`) VALUES
(3, '["流行","摇滚"]', '["周杰伦","五月天"]', '["通勤","运动"]', '中文', '欢快'),
(4, '["古典","爵士","R&B"]', '["陈奕迅","Adele"]', '["学习","睡前"]', '中文', '平静'),
(5, '["民谣","独立","流行"]', '["赵雷","Ed Sheeran"]', '["通勤","放松"]', '中文', '伤感'),
(6, '["电子","嘻哈"]', '["Billie Eilish","米津玄师"]', '["运动","派对"]', '英文', '激昂'),
(7, '["R&B","流行"]', '["The Weeknd","Taylor Swift"]', '["睡前","通勤"]', '英文', '欢快');

-- -----------------------------------------------------------
-- 推荐结果数据 (模拟 ALS 算法输出)
-- -----------------------------------------------------------
INSERT INTO `recommendations` (`user_id`, `song_id`, `score`, `algorithm`, `reason`, `is_read`) VALUES
(3, 12, 4.82, 'ALS', '基于您对流行音乐的偏好推荐', 0),
(3, 23, 4.76, 'ALS', '与您喜欢的摇滚风格相似', 0),
(3, 26, 4.65, 'ALS', '其他流行音乐爱好者也喜欢', 0),
(3, 32, 4.58, 'ALS', '推荐华语流行新作', 0),
(4, 12, 4.71, 'ALS', '旋律优美，适合您的口味', 0),
(4, 14, 4.68, 'ALS', '与Adele风格相似的深情之作', 0),
(4, 27, 4.55, 'ALS', '文艺风格推荐', 0),
(5, 14, 4.80, 'ALS', '民谣与流行的完美融合', 0),
(5, 8, 4.72, 'ALS', '经典实力派歌曲推荐', 0),
(5, 32, 4.60, 'ALS', '华语流行新发现', 0),
(6, 20, 4.75, 'ALS', '电子音乐风格推荐', 0),
(6, 22, 4.68, 'ALS', '节奏感强烈的流行推荐', 0),
(7, 6, 4.73, 'ALS', '与Taylor Swift相似风格', 0),
(7, 25, 4.65, 'ALS', 'Funk与流行的融合', 0);

-- -----------------------------------------------------------
-- 操作日志
-- -----------------------------------------------------------
INSERT INTO `operation_logs` (`user_id`, `username`, `action`, `module`, `description`, `ip_address`, `request_method`, `request_url`, `status`, `created_at`) VALUES
(1, 'admin', '登录', '系统', '管理员登录系统', '127.0.0.1', 'POST', '/api/auth/login', 1, '2026-03-01 09:00:00'),
(1, 'admin', '新增歌曲', '歌曲管理', '新增歌曲《年少有为》', '127.0.0.1', 'POST', '/api/admin/songs', 1, '2026-03-01 09:30:00'),
(1, 'admin', '修改用户角色', '用户管理', '将user1角色修改为operator', '127.0.0.1', 'PUT', '/api/admin/users/3/role', 1, '2026-03-02 10:00:00'),
(2, 'operator', '登录', '系统', '运营员登录系统', '127.0.0.1', 'POST', '/api/auth/login', 1, '2026-03-05 14:00:00'),
(2, 'operator', '审核评论', '评论管理', '审核通过评论ID:5', '127.0.0.1', 'PUT', '/api/admin/comments/5/status', 1, '2026-03-05 14:30:00'),
(1, 'admin', '新增流派', '流派管理', '新增流派"世界音乐"', '127.0.0.1', 'POST', '/api/admin/genres', 1, '2026-03-08 11:00:00'),
(1, 'admin', '下架歌曲', '歌曲管理', '下架歌曲ID:99(不存在)', '127.0.0.1', 'DELETE', '/api/admin/songs/99', 0, '2026-03-10 16:00:00');
